z_m;T_gas_med_C;T_gas_min_C;T_gas_max_C;q_med_kWm2;q_max_kWm2;T_met_int_max_C;T_met_est_max_C;vapore_lin_kgsm;duty_lin_kWm;w_field_kgsm;w_bypass_kgsm;x_top;alpha_top;G_cross;v_liq_in_ms;v_mix_out_ms;v_vap_out_ms;v_ax_bottom_ms;v_ax_top_ms;DNBR_min;vapore_cum_kgh;duty_cum_MW
0.007;967.50;967.50;967.50;69.03;69.07;343.74;337.58;5.8019;7006.84;63.07;0.00;0.09199;0.3854;390.20;0.5923;1.0626;1.362;2.5404;5.1544;4.14;301.7;0.101
0.022;966.99;966.99;966.99;68.96;69.00;343.72;337.57;5.7962;6999.97;63.01;0.00;0.09199;0.3854;389.82;0.5917;1.0615;1.360;2.5284;5.1329;4.14;615.5;0.206
0.037;966.45;966.45;966.46;68.89;68.93;343.70;337.56;5.7903;6992.83;62.94;0.00;0.09199;0.3853;389.42;0.5911;1.0605;1.359;2.5159;5.1105;4.14;941.9;0.316
0.053;965.90;965.90;965.90;68.82;68.86;343.68;337.54;5.7842;6985.40;62.88;0.00;0.09199;0.3853;389.00;0.5905;1.0593;1.358;2.5029;5.0872;4.15;1281.4;0.430
0.070;965.32;965.32;965.33;68.29;68.33;343.53;337.44;5.7395;6931.42;62.39;0.00;0.09199;0.3849;386.00;0.5859;1.0511;1.349;2.4894;5.0629;4.18;1632.3;0.548
0.087;964.73;964.73;964.73;67.85;67.89;343.40;337.35;5.7029;6887.28;61.99;0.00;0.09199;0.3846;383.54;0.5822;1.0444;1.341;2.4755;5.0379;4.21;1995.3;0.669
0.105;964.11;964.11;964.11;67.49;67.52;343.30;337.28;5.6719;6849.87;61.66;0.00;0.09199;0.3844;381.46;0.5790;1.0388;1.335;2.4610;5.0120;4.23;2371.2;0.795
0.124;963.47;963.47;963.48;67.16;67.20;343.21;337.22;5.6449;6817.16;61.36;0.00;0.09199;0.3842;379.64;0.5763;1.0338;1.329;2.4461;4.9851;4.25;2760.8;0.926
0.144;962.81;962.81;962.81;66.87;66.91;343.13;337.16;5.6206;6787.86;61.10;0.00;0.09199;0.3840;378.00;0.5738;1.0294;1.324;2.4306;4.9573;4.27;3164.7;1.062
0.164;962.12;962.12;962.13;66.61;66.65;343.05;337.11;5.5984;6761.11;60.86;0.00;0.09199;0.3838;376.51;0.5715;1.0253;1.319;2.4145;4.9285;4.29;3583.7;1.202
0.185;961.41;961.41;961.42;66.37;66.40;342.98;337.06;5.5779;6736.28;60.63;0.00;0.09199;0.3836;375.13;0.5694;1.0215;1.315;2.3978;4.8986;4.30;4018.4;1.348
0.207;960.67;960.67;960.68;393.16;396.05;431.62;395.56;33.0439;39906.26;359.20;0.00;0.09199;0.4270;2222.31;3.3734;6.0517;6.999;2.3805;4.8676;0.72;6699.6;2.247
0.230;956.11;956.09;956.12;386.43;389.20;429.81;394.40;32.4784;39223.36;353.06;0.00;0.09199;0.4268;2184.28;3.3157;5.9482;6.882;2.2738;4.6761;0.73;9443.9;3.168
0.254;951.44;951.38;951.45;380.04;382.70;428.10;393.29;31.9414;38574.78;347.22;0.00;0.09199;0.4267;2148.16;3.2609;5.8498;6.771;2.1646;4.4802;0.75;12254.2;4.111
0.279;946.65;946.56;946.66;373.92;376.47;426.46;392.22;31.4267;37953.23;341.62;0.00;0.09199;0.4265;2113.55;3.2083;5.7556;6.665;2.0528;4.2796;0.76;15133.4;5.077
0.305;941.74;941.61;941.76;368.01;370.46;424.88;391.20;30.9301;37353.47;336.22;0.00;0.09199;0.4263;2080.15;3.1576;5.6646;6.562;1.9382;4.0741;0.77;18084.2;6.067
0.332;936.70;936.54;936.72;362.27;364.62;423.34;390.20;30.4477;36770.96;330.98;0.00;0.09199;0.4262;2047.71;3.1084;5.5763;6.462;1.8208;3.8635;0.78;21108.8;7.081
0.360;931.54;931.34;931.56;356.67;358.92;421.84;389.22;29.9767;36202.09;325.86;0.00;0.09199;0.4260;2016.03;3.0603;5.4900;6.364;1.7004;3.6475;0.79;24209.7;8.122
0.390;926.23;926.01;926.26;351.17;353.32;420.36;388.26;29.5145;35643.88;320.84;0.00;0.09199;0.4258;1984.94;3.0131;5.4053;6.269;1.5770;3.4262;0.81;27388.8;9.188
0.420;920.79;920.53;920.82;345.75;347.81;418.90;387.32;29.0591;35093.95;315.89;0.00;0.09199;0.4257;1954.32;2.9666;5.3219;6.175;1.4505;3.1992;0.82;30648.2;10.281
0.452;915.21;914.91;915.24;340.39;342.36;417.47;386.38;28.6087;34550.00;310.99;0.00;0.09199;0.4255;1924.03;2.9206;5.2395;6.081;1.3208;2.9666;0.83;33989.5;11.402
0.485;909.48;909.15;909.52;335.08;336.96;416.04;385.46;28.1622;34010.79;306.14;0.00;0.09199;0.4253;1894.00;2.8751;5.1577;5.989;1.1879;2.7280;0.85;37414.5;12.551
0.520;903.59;903.23;903.64;329.79;331.58;414.62;384.53;27.7179;33474.20;301.31;0.00;0.09199;0.4251;1864.12;2.8297;5.0763;5.897;1.0516;2.4835;0.86;40924.7;13.729
0.556;897.56;897.17;897.61;324.52;326.23;413.21;383.61;27.2749;32939.26;296.49;0.00;0.09199;0.4249;1834.33;2.7845;4.9952;5.805;0.9119;2.2330;0.87;44521.4;14.935
0.593;891.37;890.94;891.42;319.26;320.87;411.79;382.69;26.8327;32405.16;291.68;0.00;0.09199;0.4247;1804.58;2.7393;4.9142;5.714;0.7688;1.9762;0.89;48206.0;16.171
0.632;885.02;884.56;885.08;313.99;315.52;410.37;381.76;26.3899;31870.36;286.87;0.00;0.09199;0.4245;1774.80;2.6941;4.8331;5.622;0.6222;1.7132;0.90;51979.3;17.437
0.672;878.51;878.02;878.57;308.71;310.16;408.95;380.84;25.9461;31334.44;282.05;0.00;0.09199;0.4243;1744.96;2.6488;4.7518;5.530;0.4720;1.4438;0.92;55842.5;18.733
0.715;871.84;871.32;871.91;303.41;304.77;407.53;379.91;25.5009;30796.85;277.21;0.00;0.09199;0.4241;1715.02;2.6034;4.6703;5.438;0.3183;1.1680;0.94;59796.1;20.060
0.759;865.01;864.45;865.07;298.09;299.37;406.10;378.97;25.0536;30256.58;272.34;0.00;0.09199;0.4239;1684.93;2.5577;4.5884;5.346;0.1610;0.8858;0.95;63840.8;21.416
0.804;858.00;857.42;858.07;292.74;293.93;404.66;378.03;24.6038;29713.43;267.46;0.00;0.09199;0.4237;1654.69;2.5118;4.5060;5.253;0.1646;0.5971;0.97;67976.9;22.804
0.852;850.83;850.21;850.91;287.36;288.47;403.21;377.09;24.1514;29167.00;262.54;0.00;0.09199;0.4234;1624.26;2.4656;4.4231;5.159;0.3328;0.3018;0.99;72204.6;24.222
0.902;843.49;842.85;843.57;281.94;282.96;401.75;376.13;23.6957;28616.75;257.58;0.00;0.09199;0.4232;1593.61;2.4191;4.3397;5.065;0.5047;0.3083;1.01;76523.9;25.671
0.953;835.98;835.31;836.07;276.48;277.42;400.28;375.17;23.2370;28062.69;252.60;0.00;0.09199;0.4229;1562.76;2.3722;4.2557;4.970;0.6802;0.6232;1.03;80934.4;27.151
1.007;828.31;827.60;828.39;270.98;271.84;398.80;374.20;22.7746;27504.30;247.57;0.00;0.09199;0.4226;1531.66;2.3250;4.1710;4.874;0.8593;0.9445;1.05;85435.7;28.661
1.063;820.46;819.73;820.55;265.43;266.22;397.31;373.22;22.3087;26941.69;242.51;0.00;0.09199;0.4223;1500.33;2.2775;4.0857;4.778;1.0420;1.2723;1.07;90027.0;30.201
1.122;812.44;811.69;812.54;259.85;260.55;395.80;372.23;21.8393;26374.72;237.40;0.00;0.09199;0.4220;1468.76;2.2296;3.9997;4.680;1.2283;1.6064;1.09;94707.3;31.771
1.182;804.26;803.48;804.36;254.22;254.84;394.28;371.23;21.3661;25803.34;232.26;0.00;0.09199;0.4217;1436.94;2.1813;3.9130;4.583;1.4180;1.9467;1.12;99475.3;33.371
1.246;796.31;795.51;796.41;248.91;249.47;392.85;370.29;20.9203;25264.96;227.41;0.00;0.09199;0.4214;1406.96;2.1357;3.8314;4.490;1.6114;2.2938;1.14;104336.6;35.001
1.311;787.80;786.98;787.90;243.20;243.68;391.30;369.27;20.4401;24684.95;222.19;0.00;0.09199;0.4210;1374.66;2.0867;3.7434;4.391;1.8083;2.6468;1.17;109282.4;36.660
1.380;779.12;778.29;779.23;237.44;237.85;389.74;368.25;19.9564;24100.89;216.94;0.00;0.09199;0.4207;1342.13;2.0373;3.6549;4.291;2.0083;3.0058;1.20;114310.7;38.347
1.452;770.29;769.44;770.40;231.65;231.98;388.17;367.21;19.4695;23512.89;211.64;0.00;0.09199;0.4203;1309.39;1.9876;3.5657;4.190;2.2116;3.3704;1.23;119418.8;40.061
1.526;761.30;760.43;761.42;225.82;226.14;386.59;366.17;18.9795;22921.10;206.32;0.00;0.09199;0.4198;1276.43;1.9376;3.4760;4.089;2.4179;3.7406;1.26;124604.0;41.800
1.603;752.16;751.28;752.29;219.96;220.28;384.99;365.11;18.4868;22326.00;200.96;0.00;0.09199;0.4194;1243.29;1.8873;3.3857;3.987;2.6272;4.1160;1.30;129863.2;43.565
1.684;742.88;741.99;743.01;214.06;214.38;383.39;364.05;17.9914;21727.78;195.58;0.00;0.09199;0.4189;1209.98;1.8367;3.2950;3.884;1.9883;4.4965;1.33;135192.8;45.352
1.768;733.45;732.56;733.59;208.14;208.46;381.77;362.99;17.4938;21126.81;190.17;0.00;0.09199;0.4184;1176.51;1.7859;3.2039;3.781;1.7763;3.5969;1.37;140588.9;47.163
1.855;723.90;723.00;724.03;202.20;202.52;380.17;361.93;16.9943;20523.62;184.74;0.00;0.09199;0.4179;1142.92;1.7349;3.1124;3.678;1.5615;3.2117;1.41;146047.5;48.994
1.947;714.21;713.31;714.35;196.24;196.56;378.57;360.88;16.4934;19918.65;179.29;0.00;0.09199;0.4174;1109.23;1.6838;3.0206;3.574;1.3443;2.8220;1.45;151564.0;50.844
2.041;704.41;703.51;704.55;190.27;190.58;376.96;359.81;15.9913;19312.33;173.83;0.00;0.09199;0.4168;1075.47;1.6325;2.9287;3.470;1.1248;2.4282;1.50;157133.5;52.713
2.140;694.49;693.60;694.64;184.29;184.59;375.34;358.74;15.4887;18705.28;168.37;0.00;0.09199;0.4162;1041.66;1.5812;2.8366;3.366;0.9032;2.0306;1.55;162750.6;54.597
2.243;684.47;683.58;684.63;178.30;178.60;373.71;357.67;14.9857;18097.90;162.90;0.00;0.09199;0.4155;1007.84;1.5299;2.7445;3.262;0.6797;1.6296;1.60;168409.8;56.496
2.350;674.36;673.48;674.52;172.33;172.60;372.09;356.59;14.4834;17491.18;157.44;0.00;0.09199;0.4148;974.05;1.4786;2.6525;3.158;0.4545;1.2256;1.66;174105.1;58.406
2.461;664.16;663.30;664.34;166.36;166.63;370.47;355.51;13.9820;16885.74;151.99;0.00;0.09199;0.4140;940.34;1.4274;2.5607;3.054;0.2278;0.8191;1.72;179830.3;60.327
2.578;653.90;653.06;654.08;160.41;160.68;368.85;354.43;13.4820;16281.93;146.56;0.00;0.09199;0.4132;906.71;1.3764;2.4691;2.951;0.2287;0.4104;1.78;185578.8;62.255
2.698;643.57;642.75;643.75;154.49;154.75;367.23;353.35;12.9843;15680.76;141.15;0.00;0.09199;0.4124;873.23;1.3256;2.3780;2.848;0.4582;0.4115;1.85;191343.7;64.189
2.824;633.20;632.40;633.38;148.60;148.85;365.61;352.28;12.4892;15082.90;135.76;0.00;0.09199;0.4114;839.94;1.2750;2.2873;2.745;0.6879;0.8237;1.93;197117.7;66.126
2.955;622.79;622.02;622.98;142.75;142.99;364.00;351.21;11.9975;14489.12;130.42;0.00;0.09199;0.4105;806.87;1.2248;2.1973;2.644;0.9178;1.2360;2.00;202893.5;68.064
3.092;612.36;611.62;612.55;136.95;137.17;362.42;350.15;11.5099;13900.24;125.12;0.00;0.09199;0.4094;774.08;1.1750;2.1080;2.543;1.1474;1.6479;2.09;208663.4;69.999
3.234;601.92;601.22;602.12;131.20;131.41;360.85;349.11;11.0266;13316.51;119.86;0.00;0.09199;0.4083;741.57;1.1257;2.0194;2.443;1.3764;2.0588;2.18;214419.2;71.930
3.382;591.49;590.83;591.69;125.51;125.70;359.30;348.07;10.5489;12739.66;114.67;0.00;0.09199;0.4071;709.45;1.0769;1.9320;2.344;1.6046;2.4681;2.28;220153.1;73.854
3.536;581.08;580.46;581.30;119.90;120.07;357.75;347.03;10.0770;12169.77;109.54;0.00;0.09199;0.4057;677.71;1.0288;1.8455;2.246;1.3318;2.8753;2.39;225856.7;75.767
3.697;570.70;570.13;570.94;114.36;114.51;356.23;346.01;9.6117;11607.84;104.48;0.00;0.09199;0.4043;646.42;0.9813;1.7603;2.150;1.1049;3.2797;2.51;231521.7;77.667
3.864;560.38;559.86;560.64;108.91;109.04;354.72;344.99;9.1535;11054.44;99.50;0.00;0.09199;0.4028;615.60;0.9345;1.6764;2.055;0.8794;3.6807;2.63;237139.3;79.552
4.038;550.13;549.66;550.40;103.55;103.66;353.24;343.99;8.7030;10510.42;94.61;0.00;0.09199;0.4012;585.31;0.8885;1.5939;1.962;0.6559;4.0777;2.77;242701.0;81.418
4.219;539.96;539.49;540.25;98.29;98.38;351.78;343.00;8.2609;9976.46;89.80;0.00;0.09199;0.3995;555.57;0.8433;1.5129;1.870;0.4346;2.6163;2.92;248198.2;83.262
4.407;529.90;529.41;530.20;93.14;93.22;350.34;342.03;7.8277;9453.33;85.09;0.00;0.09199;0.3976;526.44;0.7991;1.4336;1.781;0.2158;2.2239;3.08;253622.2;85.081
4.604;519.95;519.46;520.26;88.09;88.17;348.93;341.07;7.4041;8941.71;80.49;0.00;0.09199;0.3955;497.95;0.7559;1.3560;1.693;0.2126;1.8367;3.26;258964.6;86.874
4.809;510.14;509.64;510.46;83.17;83.24;347.55;340.14;6.9905;8442.30;75.99;0.00;0.09199;0.3933;470.14;0.7137;1.2803;1.607;0.4216;1.4554;3.45;264216.9;88.636
5.022;500.48;499.97;500.81;78.38;78.44;346.26;339.31;6.5875;7955.58;71.61;0.00;0.09199;0.3909;443.03;0.6725;1.2065;1.524;0.6267;1.0804;3.66;269370.7;90.365
5.243;490.99;490.48;491.33;73.72;73.77;344.95;338.41;6.1958;7482.45;67.35;0.00;0.09199;0.3883;416.68;0.6325;1.1347;1.443;0.8275;0.7125;3.89;274418.3;92.058
5.474;481.68;481.16;482.04;69.19;69.24;343.68;337.54;5.8155;7023.22;63.22;0.00;0.09199;0.3855;391.11;0.5937;1.0651;1.364;1.0239;0.3522;4.14;279351.7;93.713
5.715;472.56;472.05;472.96;64.81;64.86;342.44;336.70;5.4472;6578.50;59.21;0.00;0.09199;0.3825;366.34;0.5561;0.9976;1.288;0.9036;0.3435;4.42;284163.5;95.327
5.965;463.67;463.16;464.08;60.58;60.62;341.24;335.87;5.0913;6148.65;55.35;0.00;0.09199;0.3792;342.41;0.5198;0.9324;1.214;0.7121;0.6778;4.73;288846.7;96.898
6.226;454.99;454.49;455.42;56.49;56.54;340.08;335.07;4.7480;5734.07;51.61;0.00;0.09199;0.3756;319.32;0.4847;0.8696;1.143;0.5258;1.0025;5.07;293394.4;98.424
6.498;446.56;446.07;447.00;52.56;52.61;338.96;334.30;4.4176;5335.07;48.02;0.00;0.09199;0.3717;297.10;0.4510;0.8091;1.075;0.3448;1.3170;5.45;297800.4;99.902
6.780;438.39;437.90;438.84;48.79;48.84;337.88;333.56;4.1004;4951.95;44.57;0.00;0.09199;0.3674;275.77;0.4186;0.7510;1.009;0.1695;1.6210;5.87;302058.9;101.330
7.075;430.48;430.00;430.93;45.17;45.22;336.84;332.84;3.7965;4584.93;41.27;0.00;0.09199;0.3628;255.33;0.3876;0.6953;0.946;0.1634;1.9141;6.34;306164.6;102.708
7.381;422.84;422.38;423.30;41.72;41.76;335.85;332.15;3.5060;4234.16;38.11;0.00;0.09199;0.3577;235.79;0.3579;0.6421;0.886;0.3205;2.1959;6.86;310112.8;104.032
7.701;415.49;415.05;415.95;38.42;38.47;334.89;331.49;3.2292;3899.76;35.10;0.00;0.09199;0.3523;217.17;0.3297;0.5914;0.829;0.4712;1.2319;7.45;313899.4;105.302
8.033;408.44;408.01;408.89;35.29;35.35;333.99;330.85;2.9658;3581.76;32.24;0.00;0.09199;0.3463;199.46;0.3028;0.5432;0.775;0.4122;0.9616;8.11;317520.7;106.517
8.379;401.69;401.28;402.13;32.32;32.38;333.12;330.25;2.7161;3280.17;29.53;0.00;0.09199;0.3398;182.67;0.2773;0.4974;0.723;0.2681;0.7030;8.85;320974.1;107.676
8.740;395.25;394.85;395.68;29.51;29.57;332.30;329.68;2.4799;2994.88;26.96;0.00;0.09199;0.3328;166.78;0.2532;0.4542;0.674;0.1307;0.4565;9.68;324257.4;108.777
9.115;389.12;388.75;389.54;26.85;26.93;331.53;329.14;2.2571;2725.79;24.54;0.00;0.09199;0.3251;151.79;0.2304;0.4134;0.628;0.1238;0.2221;10.63;327369.1;109.821
9.506;383.31;382.95;383.71;24.36;24.44;330.80;328.63;2.0475;2472.72;22.26;0.00;0.09199;0.3168;137.70;0.2090;0.3750;0.585;0.2408;0.2098;11.71;330308.4;110.807
9.913;377.82;377.48;378.20;22.02;22.11;330.11;328.15;1.8510;2235.44;20.12;0.00;0.09199;0.3078;124.49;0.1890;0.3390;0.544;0.3509;0.4074;12.94;333075.4;111.735
10.337;372.64;372.33;373.01;19.84;19.92;329.47;327.70;1.6674;2013.67;18.13;0.00;0.09199;0.2981;112.14;0.1702;0.3054;0.506;0.1998;0.5926;14.35;335670.9;112.606
10.778;367.79;367.50;368.15;17.80;17.89;328.87;327.29;1.4963;1807.08;16.27;0.00;0.09199;0.2877;100.63;0.1528;0.2740;0.470;0.0965;0.7658;15.98;338096.2;113.420
11.238;363.25;362.99;363.60;15.91;16.00;328.32;326.90;1.3375;1615.31;14.54;0.00;0.09199;0.2764;89.95;0.1365;0.2450;0.438;0.0898;0.4484;17.86;340353.7;114.177
11.716;359.03;358.78;359.36;14.17;14.25;327.80;326.54;1.1907;1437.93;12.94;0.00;0.09199;0.2645;80.08;0.1216;0.2181;0.407;0.1731;0.2873;20.04;342446.3;114.879
12.214;355.11;354.89;355.43;12.56;12.64;327.32;326.20;1.0553;1274.50;11.47;0.00;0.09199;0.2517;70.97;0.1077;0.1933;0.379;0.0769;0.1379;22.59;344377.7;115.527
12.733;351.49;351.29;351.79;11.08;11.16;326.89;325.90;0.9311;1124.52;10.12;0.00;0.09199;0.2382;62.62;0.0951;0.1705;0.353;0.0706;0.1267;25.58;346152.1;116.122
